aadnøy,1
aage,2
aake,1
aanes,1
aarskog,1
abdelmaguid,1
accelerator,2
accenture,1
action,1
adferd,1
adil,1
administrasjon,2
administrator,1
administrere,1
adresse,1
advanced,1
afrikaindie,1
afrike,9
agde,3
agent,2
agentur,1
agritech,1
agritek,1
ahyee,1
airbus,1
airthings,6
ake,3
aksept,1
akseptere,1
aksjeselskap,1
aksjon,1
aksjonær,1
aktivitet,10
aktivitetscamp,1
aktivitetsnivå,1
aktivitetspark,1
aktør,56
akustikk,1
akvakultur,4
alane,1
alarm,1
alderdom,1
alderspensjonat,1
aldrin,2
alfeim,1
algedrømme,1
algeprosjekt,1
algeselskap,1
algoritme,2
alkoholfrie,1
alternativ,14
alto,1
aluminium,5
aluminiumsverk,1
alvor,3
amatec,1
amazon,2
ambassade,7
ambisjon,44
ambisjonar,1
ambisjonsnivå,1
ambulansesentre,1
amerike,10
amputasjon,1
analysator,3
analyse,9
analytics,1
ananzi,1
anbefaling,1
anbud,2
anbudsprosesse,3
anbudsrunde,1
andel,9
andelić,7
andenes,1
anders,3
anderse,5
andreas,1
andreasse,2
andreplass,1
anerkjennelse,6
anette,1
angeles,1
anledning,3
anlegg,20
anleggsbransje,3
anleggssektor,1
annerledesår,2
annonse,2
annonsemarked,1
annonsering,2
annonseselger,1
annonsevisning,1
annonsør,2
ansette,1
ansettelse,1
anskaffelse,3
anslag,1
ansvar,3
antakelse,1
antal,4
antall,9
antivirus,1
anue,2
anues,1
anvendelighet,1
anvendelse,3
api,1
app,9
apparat,2
applied,3
applikasjon,7
appsens,3
april,3
aquanor,2
aquapro,1
arbaflame,3
arbeid,7
arbeide,22
arbeider,4
arbeidsflyt,4
arbeidsgiver,1
arbeidshest,1
arbeidshverdag,1
arbeidskraft,2
arbeidsledighet,1
arbeidsliv,2
arbeidsmetode,1
arbeidsmåte,1
arbeidsomfang,1
arbeidspakke,1
arbeidsplass,38
arbeidsrutine,1
arbeidstime,1
arbeidstrening,1
arbeidsverktøy,2
areal,3
arena,4
argentin,1
arkitekt,4
arkitektur,3
arkivering,1
arktis,2
arm,1
arnese,2
arrangement,1
arrangør,1
art,8
arthur,1
artikkel,1
arv,1
as,3
asfalt,1
aske,3
aspekt,1
aspholt,1
aspit,4
assistanse,1
assistent,3
assosiasjon,1
astaxanthin,1
atee,1
atferd,2
atferdsendring,1
athe,1
atmosfære,1
attensi,5
attraksjon,1
audmjuke,1
august,3
aulie,4
aune,3
aurdal,1
aure,3
auschwitz,1
australie,6
autisme,1
autoagri,2
automasjon,4
automat,4
automatikk,1
automatisering,7
autonome,4
autonomi,2
autonomy,2
avdeling,6
avdelingsleder,2
avdelingsleiar,1
averøy,1
avfall,39
avfallsbransje,1
avfallshenting,1
avfallsstoff,1
avfallsstrøm,1
avfallsstrømme,2
avføring,2
avgass,1
avgjørelse,1
avis,1
avkarbonisering,1
avkastning,3
avlaste,4
avling,8
avlsmateriale,1
avløp,1
avrenning,1
avsalting,1
avsetning,2
avskoging,2
avstand,3
avtale,12
avtrykk,2
avveie,3
avvikling,1
awards,2
baby,1
back,5
badeplass,1
bagasje,1
bakgrunn,4
bakhjul,1
bakke,5
bakkenettverk,1
bakterie,3
bane,6
bangladesh,1
bank,16
bankinnskudd,1
bankkunde,1
banklån,2
bankprodukt,1
barbere,1
bard,1
barel,5
barels,1
barn,13
barnehage,4
barnekardiolog,1
barnesykepleier,1
base,2
basf,1
basis,1
basisteknologi,1
batteri,26
batteriavfall,1
batteribanke,1
batteribranne,1
battericelle,1
batterifabrikk,1
batteripakke,1
batteriparke,1
batterisysteme,2
bearbeiding,2
beate,1
beboeres,1
bebyggelse,1
bedrift,246
bedriftenes,1
bedriftens,12
bedrifters,1
bedrifts,2
bedriftskunde,1
beefutures,1
befaring,2
befeste,1
befolkning,4
befruktning,1
begeistring,2
beger,1
begrensning,1
begrunnelse,1
begynnelse,8
behandling,14
beholder,5
behov,70
beijing,3
bein,1
bekreftelse,2
belastning,2
belysning,8
belønning,1
beløp,1
bemanning,2
ben,1
bendikse,1
bentse,2
bereder,1
beredskap,1
beregning,1
berg,1
berge,8
berggylt,1
berglund,1
berlin,2
berntse,1
berøringsfrie,1
berøringsskjerm,2
beskjed,3
beskyttelse,1
beslutning,6
besparelse,6
bestandighet,1
bestillerside,1
bestilling,5
besøk,6
betaler,2
betaling,2
betaversjon,1
bete,1
betjeningsevne,1
betong,1
betongbygg,1
betydeleg,2
betydning,8
bevegelse,7
bevissthet,1
beyonde,5
bidrag,11
bidragsyter,6
bidrattagde,2
bidrattrogaland,3
bidrattvestfold,3
bidrattvestland,1
bie,3
bikube,2
bil,6
bilbrann,1
bilde,7
bildebehandling,1
bildekk,1
bile,10
bileier,2
bilforhandler,1
bilindustri,7
bilist,1
bilkonsern,1
billingstad,1
bilnøkkel,2
bilverdene,1
bilverksted,2
biocluste,1
biogass,7
biogassanlegg,1
biogasselskap,1
biogjødsel,1
biokjemikalie,2
biokull,4
biologi,2
biomarin,1
biomasse,3
bioplast,1
bioraffineri,2
bioraffineriets,1
biorest,1
bioråolje,2
bioteknologi,2
biozin,9
bioøkonomi,2
birkenes,3
bistand,10
bistå,1
bjarke,1
bjorland,5
bjønnes,1
bjørdal,2
bjørge,1
bjørn,1
bkk,1
bleking,1
blengsli,2
blikk,1
bliksund,4
blodstrømming,1
blueeye,1
blåbær,1
blåøyde,1
bmw,1
bodø,9
boks,3
bokser,1
bokstav,1
bolig,1
boligblokk,1
boligområde,1
boligprosjekt,1
bollingmo,1
bomiljø,1
bonde,14
bondens,2
bondes,1
bonus,1
boodco,1
boom,1
boost,4
bord,5
boring,1
borregaard,10
borregaards,1
boston,1
bouwman,1
bp,4
brandstorp,1
brann,6
brannmotstand,2
brannsikkerhet,2
brannskade,1
brannslokking,1
brannslukke,3
brannslukkere,7
brannslukking,1
brannsperre,1
brannspredning,1
brannstasjon,1
branntepp,1
brannteppe,3
brannteppets,1
brannvesen,3
bransje,24
bransjeaktøre,1
bransjens,1
brasil,1
bratlie,1
bravide,1
bredde,1
brennbarhet,1
brenner,1
brennevin,3
brennstoff,1
brennverdi,1
brensel,1
brenselcelle,6
bresje,1
brev,1
bridgehill,5
brikke,5
brim,5
bringedal,1
britt,1
bro,5
brod,2
bror,1
brubakke,3
brudd,1
bruk,70
bruker,31
brukerbehove,1
brukerfeil,1
brukergruppe,2
brukernes,2
brukerreise,1
brukervane,1
bruksområde,10
bruktmøble,2
bruktsalg,1
brunostmaskin,1
brussel,2
bryst,2
bråke,1
brød,1
brødsvinn,2
brøkdel,1
brønn,4
brønndesign,3
brønnplugg,2
brønnplugge,1
brüssel,1
budsjett,3
buffersystem,1
bugge,1
builders,5
bunkring,1
bunn,3
bunnlinje,1
bunns,1
bunnvann,1
business,2
buss,1
butikk,7
butikkar,1
buy,1
by,12
byens,1
bygd,2
bygg,29
byggebransje,2
byggefirma,1
byggelag,1
byggemateriale,4
byggemøte,1
byggenæringe,1
byggeplass,2
byggeprosess,3
byggeprosjekt,2
byggestart,1
byggestein,1
byggevarekjede,1
byggherre,1
bygging,7
byggstart,4
bygning,3
bygningsmasse,1
bykjerne,1
bymiljøetate,1
bymisjon,1
byområde,2
bystrøk,1
båre,2
båt,17
båtmarkedets,2
båtmotor,1
båtturisme,2
bækkelund,2
bær,2
bærekraft,26
bærekraftløft,1
bærekraftmål,2
bærekraftmåle,1
bærekraftre,1
bærekraftsmål,2
bæremeis,1
bærerakett,2
bærproduksjon,1
bærum,3
bølge,1
bølgjekrefte,1
bølgjesone,1
børge,1
børs,5
børsnotering,2
cafee,1
cambridge,1
campusområde,1
canade,5
cathrine,1
cellulose,1
centimeter,1
ceo,1
cereme,1
change,1
chatbot,2
checkware,3
chile,3
chip,1
chipe,4
chipens,1
chipteknologi,1
christense,3
christian,1
cimon,1
cinderellas,2
cisco,1
clevair,1
cluste,4
co,26
coas,2
codeit,1
codeits,1
connect,1
connectis,1
consume,1
containerskip,1
corvus,1
covid,4
crew,1
cruisefartøy,1
cruiseskip,1
cryogenetics,3
csub,3
cyberrisiko,1
cybersikkerh,2
cycled,1
dag,118
dagens,24
dags,1
dagsavis,1
dal,1
dalbakk,1
damp,1
dampbatteri,1
dampteknologi,1
danielse,8
danmark,1
data,1
database,1
databrikke,7
datafangst,1
dataintegrasjon,1
datakapasit,1
datasikkerhet,1
datastøtt,1
datasystem,1
datautveksling,1
dato,1
datterselskap,9
datum,34
decon,2
dedicare,2
degenerering,1
dekning,1
dekningsområde,1
del,28
delegasjon,2
deler,14
delfinansiering,1
deling,2
deltakelse,10
deltaker,3
deltidsarbeid,1
demens,2
demonstrasjon,2
deponi,2
desember,4
design,12
designbye,1
designdrev,1
designer,1
designfase,1
designfilosofi,1
designfrih,1
designløsning,1
designprosess,1
designrådgiving,1
designutvikling,1
designverktøy,1
desinfeksjon,1
desse,1
dessert,1
destillasjon,1
destinasjon,1
detalj,1
detaljhandel,2
deteksjon,1
dgive,1
diafragmas,1
diagnose,2
dialog,19
digitalisere,2
digitalisering,11
dilemma,1
direktesalg,2
direktorat,2
direktør,41
distribusjon,2
distributør,3
distrikt,2
distriktrett,1
distriktsmidle,3
distriktsrett,2
dnb,3
dne,2
dof,1
dokument,1
dokumentasjon,4
dollar,2
donering,1
donor,2
donormelk,4
donormelke,1
dr,2
drahjelp,5
dram,1
dramstad,1
driektør,1
drift,16
driftsbygning,3
driftsdirektør,1
driftskostnad,2
drikke,1
drikkevann,3
driver,1
drivhusgass,2
drivkraft,4
drivlinje,2
drivstoff,15
drone,14
droneavtale,1
dronedrømme,1
droneleverandør,1
dronemarked,1
dronenettverk,1
droneoperatør,1
dronesystem,3
dronesysteme,2
dronetjeneste,4
drue,1
drytech,6
dråpe,1
dråpesmitte,1
drøm,6
drømmer,1
dtc,1
dualog,7
ducky,4
dugnad,1
duo,1
dynamikk,1
dypdykk,1
dyr,3
dyrehold,1
dyreliv,1
dyreplankton,1
dyrevelferd,1
dyse,1
dysleksi,1
dytt,1
dødelighet,1
døgn,5
dør,8
døråpner,2
døskeland,1
easee,3
ebole,1
ecoonline,3
ecoonlines,1
efarne,1
effekt,15
effektane,1
effektbehov,1
effektivisere,1
effektivisering,2
effektivitet,3
egenkapital,4
egenproduksjon,1
egenskap,2
egg,3
egypt,1
eic,6
eide,1
eier,6
eierselskap,1
eierskap,2
eierstruktur,2
eigarane,1
eik,1
eikenes,2
einvik,1
eivind,1
ekg,3
eksempel,56
eksemplar,1
eksfin,1
eksos,2
eksosgass,1
ekspandere,3
ekspansjon,10
ekspert,6
ekspertise,3
ekspertpanel,1
eksponering,1
eksport,31
eksportandel,4
eksportbedrift,2
eksportmarked,1
eksportnæring,2
eksportprise,3
eksportprogram,6
eksportsalg,1
eksportsenter,1
ektefelle,1
ektepar,5
ekvivalent,2
elbil,4
elbåt,1
elbåte,1
eldreomsorg,1
electric,1
electronic,1
elektrifisering,2
elektrisitet,7
elektronikk,5
element,6
elev,2
eliptic,1
elkjøp,2
elle,3
ellingens,1
ellingse,7
elliptic,2
elmotor,1
elop,3
elsykkel,3
elsykle,3
elsykliste,1
elvemunning,1
emballering,1
emisjon,2
emny,3
emse,1
ende,2
enderud,2
endrerud,1
endring,6
enebolig,1
energi,41
energibruk,3
energibrønne,1
energibærer,2
energiforbruk,5
energiindustri,1
energikapasit,1
energikilde,2
energilagring,2
energilagringe,1
energiløsning,1
energiløsninge,1
energimarked,1
energirikt,1
energisektore,1
energiselskap,2
energiskift,1
energistyring,2
energisystem,4
energisysteme,1
energiteknikk,1
energitjeneste,1
energynest,4
engasjement,5
engineering,1
enhet,9
enhjørning,2
enighet,1
enkeltaktøre,1
enkeltmarkede,1
enkeltperson,7
enkeltpersoners,2
enovate,3
enove,6
entrepreneurial,1
entreprenør,5
entusiasme,3
envir,3
envirs,2
epiguard,11
epishuttle,4
epitching,1
equinor,1
equipment,1
erfaring,38
ergometersykkel,1
erik,1
erlend,1
erling,1
ernæring,2
erobr,1
erstatning,2
eskeland,1
espe,1
essenze,1
estimat,1
etablere,6
etablering,22
etasje,1
etikettering,1
etterfølgelse,1
etterkant,4
ettermarked,1
etterspørsel,30
ettertid,1
euro,5
eurojersey,4
europe,63
evaluering,2
eventyr,3
evnar,1
evne,6
evoy,5
evoys,2
ex,1
exoquad,2
exotek,2
expedie,1
export,1
eøs,1
fabrikk,31
fabrikkanlegg,1
fabrikkens,1
fabrikklokale,1
fabrikkområde,2
fabrikkstenging,1
fader,1
fag,1
fagekspert,1
fagerli,3
fagfelt,1
fagfolk,2
fagkonferanse,1
fagmiljø,3
fagområde,2
fagperson,1
fagspråk,1
fagsysteme,1
faktor,7
falkevik,1
fall,2
falle,1
falstadsenter,2
familie,6
familiebedrift,1
familieeid,2
fanger,1
fangst,5
fantes,1
fare,8
farmasi,1
fart,11
fartøy,4
fascinasjon,1
fase,19
fasilitet,1
fastlege,1
feber,1
februar,1
fedme,1
feil,4
felleskjøp,1
felt,5
feltbesøk,1
feltdate,1
feltrasjone,2
femårsperiode,1
ferd,6
ferdselslys,1
ferge,1
feriepenger,1
ferje,1
festival,3
fettavsetning,1
fettfjerning,1
fettinnhold,1
film,3
filmbibliotek,1
filosofi,1
filter,4
finansbransje,1
finansdirektør,2
finansering,1
finansiering,64
finansierings,1
finansrådgive,2
finansteknologi,1
finde,1
findmy,1
finland,5
finnmark,1
firedobling,1
firhjuling,5
firma,6
first,1
fishhead,1
fisk,13
fiske,3
fiskeanlegg,1
fiskeart,2
fiskebøl,1
fiskefangst,1
fiskefartøy,1
fiskefôr,5
fiskehelse,2
fiskehode,2
fiskemerde,1
fiskens,1
fiskenæring,1
fiskeoppdrett,4
fiskeri,2
fiskerygge,1
fiskesjarke,1
fiskeslag,1
fiskeslam,2
fiskevelferd,1
fixrate,3
fjell,2
fjellstøvel,1
fjellvann,2
fjerdedel,1
fjernkontroll,1
fjernstyre,1
fjor,10
fjord,3
fjordalg,7
fjordarmar,1
fjording,1
fjære,1
fjæresone,1
fjøs,1
flagg,1
flammehemmere,5
flaske,4
flate,1
fleire,2
fleksibilitet,2
flerbrukshall,1
flom,3
flottør,1
flux,1
fly,3
flyindustri,2
flying,1
flymekaniker,1
flyplass,1
flyt,2
flyvning,5
flåte,1
foamrox,1
fokus,34
fokusgruppe,1
folie,1
folk,24
folkehelse,1
folks,1
fond,1
forankring,1
forarbeid,2
forbedre,1
forbedring,5
forberedende,1
forbindelse,17
forbrenning,1
forbruk,3
forbruke,1
forbruker,8
fordel,11
fordeler,7
fordobling,1
foregangsland,1
forelder,1
forelesningssal,1
forelle,2
forespørsel,2
foretrekke,1
forhandler,7
forhandling,1
forhold,7
forhånds,1
forhåpning,1
forinnovasjon,1
forkant,2
forklaring,2
forlengelse,1
form,20
formål,1
fornebu,1
fornybarklynge,1
forprosjekt,8
forretningsidé,1
forretningsteft,1
forsikring,1
forsinkelse,2
forsker,4
forskeridé,2
forskjell,8
forskning,21
forsknings,3
forskningsråd,8
forskrift,1
forsterkning,1
forstudie,1
forstyrrelse,1
forståelse,10
forsvar,5
forsyning,1
forsøk,1
forsøpling,5
fortrinn,2
fortsettelse,1
forurensing,4
forurensning,2
forus,1
forutse,1
forutsetning,8
forutsigbarhet,2
forventning,1
fossgård,1
fossum,3
fot,1
fotavtrykk,4
foui,1
foundation,1
founde,1
fraktes,1
frakteskip,1
frakttjeneste,1
framtid,1
framtidas,1
francisco,1
frank,1
fredrikstad,2
frembrudd,1
fremdrift,7
fremgang,1
fremkommelighet,2
fremkomstmiddel,1
fremmerlid,1
fremoverlent,1
fremtid,18
fremtidens,8
freye,3
frihet,1
fritidsbruk,1
fritidsmarked,1
from,3
front,4
frukt,2
fruktgarde,1
frustrasjon,1
frysetørring,1
frysing,1
frå,1
frø,1
fugleneb,1
fullskala,6
fullskalaanlegg,1
fundament,1
funksjon,5
funksjonalitet,5
funzionano,7
funzionanos,2
fure,2
fusjonering,1
futurehome,6
fylkeskommune,2
fylling,1
fyr,1
fyrsteklasses,1
fysioterapi,1
fåtall,1
færøye,2
fôr,5
fôrprodukte,1
fôrtilsetting,1
fôrtilskudd,1
fødes,1
fødsel,1
følelse,1
føler,2
følge,11
førersete,1
førsteversjon,1
gaid,1
gang,46
gangbro,1
gange,9
ganger,12
garanti,1
garasje,1
gardar,1
garde,2
gardsbrenneri,7
gartner,1
gasellebedrift,2
gass,9
gassbransje,3
gassektor,2
gasser,1
gassindustri,3
gassnæring,1
gassproduksjon,2
gassteknologi,3
gassturbin,1
gateways,3
gaute,1
gce,1
gdpr,1
geist,1
gen,3
general,2
generasjon,3
generasjons,1
geografi,1
gevinst,10
gigant,1
gin,1
gir,6
girløsning,1
girløsninge,1
girsystem,5
giver,1
gjenbruk,4
gjenbrukt,2
gjengjeld,1
gjenkjenning,1
gjennombrudd,5
gjennomføring,3
gjennomgang,1
gjennomslag,4
gjennomsnitt,1
gjenvinning,7
gjenåpning,1
gjest,3
gjær,1
gjære,3
gjødsel,15
gjødselprodukt,1
gjørvad,1
gjøvik,2
glass,3
glede,6
glenn,1
globus,8
gloppe,3
godkjenning,1
googles,1
grad,19
graf,1
grandum,1
granhøi,1
granulat,1
gravdahl,2
greenfield,1
greentech,1
greg,1
grense,4
grensesnitt,2
grep,1
groe,2
group,6
grove,6
grovsøk,1
grunn,12
grunne,4
grunnide,1
grunnlag,15
grunnlegger,5
grunnpilar,1
grunnvann,1
gruppe,9
gruvebedrift,1
gruvedrift,2
gryterett,1
grønbech,1
grønland,2
grønnslett,2
gründer,77
gründerbedrift,2
gründerdrømme,2
gründerduoe,1
gründernes,1
gründersøstre,1
gründerverdene,1
gründerånd,1
gudbrandsdale,3
gudbrandsdalens,4
gudveig,6
gull,2
gunderse,1
gurvin,3
gutt,1
gård,5
gårds,1
gårdsbruk,1
gårdsbutikk,1
gårdsgutt,1
gøteborg,1
haandfast,1
hacking,1
haganes,3
hagem,1
halefinne,1
halvard,2
halvdel,1
halvere,1
halvpart,2
halvår,1
hamar,1
hamarbedrifte,2
hamburg,3
hammerstad,2
hamran,3
handelsflåte,1
handling,1
handlingsplan,1
hanoi,2
hansens,1
haraldse,1
hardange,3
harsvik,1
harvest,1
haskel,3
hassel,1
hatling,4
hatt,1
haug,8
hauso,1
hav,16
havbotn,1
havbruk,5
havbruksnæring,1
havbunn,5
havdjupne,1
havets,1
havindustri,2
havn,3
havneområde,4
havners,1
havnæringe,1
havområde,2
havoverflate,1
havs,1
havvind,10
havvindkraft,1
havvindparkane,1
havvindparkar,1
havvindparke,1
health,1
hedmark,1
hegle,1
heidi,1
heie,1
heimdall,11
helge,1
helhet,1
helikopter,4
hellandsvik,1
helmerse,5
helmikstøl,1
helse,18
helsebransje,1
helsedate,1
helseeffekt,1
helsefare,1
helseforetak,2
helseforetake,2
helseomsorge,1
helsepersonell,8
helseplattform,1
helsesektor,5
helsesjekk,1
helsesjekke,1
helseteknologi,1
helsetilstand,3
helsetjeneste,7
helsevesen,2
helsfyr,1
helsinki,2
hendelse,4
henjesand,2
henrikse,2
hensikt,3
hensyn,3
henvendelse,3
hermetikk,1
herøye,2
heyerdahl,1
hf,2
hindring,1
historie,3
hjelp,88
hjem,3
hjemmemarked,2
hjemmeside,2
hjerne,2
hjernens,1
hjerneskade,1
hjerte,2
hjerteflimmer,2
hjerterytme,3
hjertesensor,1
hjertesensore,1
hjul,1
hms,1
hode,5
hoff,1
hofstad,1
holding,5
holdning,1
holm,2
holme,4
holmefjord,1
holms,1
holstad,5
homewards,1
hongkong,1
hoppekreps,1
hordaland,1
horisont,2
horte,1
hotell,3
hotellbransje,2
hotellrom,2
hotwate,1
house,3
hov,2
hovedambisjon,1
hovedfokus,2
hovedgrunn,1
hovedingrediens,1
hovedkomponent,1
hovedkontor,11
hovedkvarter,2
hovedmarked,1
hovedmengde,1
hovedmål,1
hovedoppgave,1
hovedpoeng,1
hovedprodukt,2
hovedprodusent,1
hovedsak,5
hovedsatsing,1
hovedsegmente,2
hovedstadens,1
hovedtyngde,1
hovedårsak,1
hpo,1
huawei,1
hud,1
hugo,1
hukommelse,1
hukommelses,1
hull,1
hundre,1
hundrevis,2
hurtigrute,1
hus,1
husdyrgjødsel,1
husdyrmøkk,2
husdyrmøkke,1
husholdning,4
husstand,3
husvegg,1
hval,3
hvalens,1
hvalentusiaste,1
hvalrygg,1
hverdag,7
hverdagsbruk,1
hvermannsen,1
hvitfiskhode,1
hycast,6
hydbridmotor,1
hydrazin,1
hydro,4
hydrofon,1
hydrogen,23
hydros,1
hygiene,1
hytte,1
hyttemarked,1
håkonse,4
hånd,7
håndtering,7
håndverk,1
håp,2
håpe,2
hår,1
hærens,1
høgøy,3
høivik,3
hønsegjødsel,1
hørsel,2
hørselsvern,2
hørselvern,2
høst,13
høsting,1
høyde,4
høykvalitets,1
id,3
ide,26
ideens,1
identifikasjon,1
identitet,3
idrettsanlegg,2
idé,10
ife,1
ikeas,1
ikube,1
imal,3
imalog,1
import,2
incubator,1
indie,3
indikasjon,1
individ,1
industri,34
industrianlegg,1
industribatteri,1
industribedrift,2
industribygde,1
industribygg,1
industrieventyr,1
industrifond,1
industrikonsern,2
industriland,1
industrimiljø,1
industriområde,1
industripark,3
industriplast,1
infeksjon,2
informasjon,20
informatikk,1
infrastruktur,15
inge,4
ingeniør,6
ingmar,1
ingrediens,1
initiativ,4
inkubator,1
innbygger,1
inneklima,7
innenbords,1
innflytter,1
innføring,1
innhenting,2
innhold,4
innkjøp,1
innkjøper,2
innland,8
innovasjon,730
innovasjons,1
innovasjonsevne,2
innovasjonslån,15
innovasjonsrom,1
innovasjonssjef,3
innovators,4
innovern,4
innpass,3
innrapportering,1
innredning,2
innsamling,2
innsats,2
innsep,4
innsikt,14
innskudd,1
innspill,8
innstilling,2
inntekt,4
inntjening,1
inntog,1
inntrykk,1
innvirkning,2
insekt,1
inspeksjon,2
inspirasjon,1
installasjon,4
installasjonane,1
installere,1
installering,1
instans,1
institusjon,2
institutt,3
instrument,2
instrumentering,1
integrasjon,1
intelligens,17
interaksjon,2
interesse,28
interessent,1
intern,3
internett,4
internt,1
intin,3
introduksjon,2
inve,1
investere,1
investering,12
investment,1
investor,40
investorar,3
investorkapital,2
investormiljø,1
investormøte,1
involvering,2
iot,11
iris,4
irland,4
iselin,1
italie,3
italiensk,1
ivar,1
jacobse,3
jakarte,1
jakobse,1
jan,3
janeiro,1
jann,1
januar,4
japan,6
jarl,1
jarle,1
javie,2
jebse,3
jelle,3
jens,3
jente,7
jentenepaatun,1
jernbanearbeid,1
jernie,1
jiangsu,2
jinzi,4
jobb,10
jobber,5
johansson,1
john,1
jon,1
jonasse,4
jord,13
jorde,1
jordforbedring,1
jordpro,5
jordsmonn,1
josie,1
journal,2
journalløsning,2
journalsystem,2
jul,1
julie,1
juni,3
jury,4
juss,1
justering,1
kabel,2
kalbakke,1
kalle,1
kamel,1
kamera,1
kamerateknologi,2
kamp,4
kanal,3
kandidat,2
kanne,1
kapasitet,9
kapital,20
kapitalstyrking,1
kappløp,3
kapsl,1
kaptein,1
karbon,1
karbonavtrykk,1
karbonlagring,1
karbonnøytral,1
karbonutslipp,1
kare,1
kari,1
karlsøye,1
kart,1
kartlegging,3
karttjeneste,2
kasse,1
kast,1
katalysator,1
katamaran,1
katastrofe,1
kategori,1
kathlee,1
kenye,2
kg,1
kick,1
kilde,3
kildekode,1
kilo,4
kilometer,2
kilowatt,1
kilowattime,1
kindernay,1
kine,25
kinnari,1
kirkenes,3
kirkens,1
kjede,1
kjell,1
kjeller,2
kjemi,1
kjemikalie,5
kjennskap,3
kjernekunnskap,1
kjernemarkede,1
kjerneteam,1
kjæledyr,1
kjæreste,1
kjøkken,1
kjøleskap,1
kjøleteknikk,1
kjøling,1
kjølvann,1
kjønn,2
kjøp,1
kjøpesenter,2
kjøretøy,8
klasserom,1
klassetur,1
klikk,1
klikkrate,1
klima,8
klimaavtrykk,2
klimadata,2
klimaeffekt,1
klimaeffekte,1
klimaendring,1
klimagass,2
klimaklokt,1
klimakontroll,2
klimakrav,1
klimamesterskap,1
klimamål,1
klimaregnskap,1
klimasatsinge,1
klimautslipp,2
klimaverktøy,1
kliniker,1
klinikk,3
kloakk,2
kloakkanlegg,1
klode,2
klokk,1
klokker,1
klynge,9
klyngearbeid,1
klyngelede,1
klyngemiljøe,2
klyngeprogram,3
klyngerådgive,1
klæboe,3
knapp,1
knappskog,1
knippe,1
knoppskyting,1
knut,1
kobling,2
kode,1
kodebrikke,1
kodelås,1
koding,1
kokke,1
kolbotn,1
kollaps,1
kollega,4
kolspasiente,1
kombinasjon,10
kombinere,1
kome,1
komfort,1
kommersialisere,3
kommune,33
kommunikasjon,3
kompatible,1
kompetanse,77
kompetanseløft,3
kompetansemiljø,2
kompisgjeng,1
komponent,12
komponentnivå,1
konas,1
konferanse,1
kong,2
kongstanke,1
kongsvinge,1
konklusjon,1
konkurranse,14
konkurranseevne,2
konkurrent,16
konsekvens,1
konsept,19
konsern,3
konserndirektør,1
konsistens,1
konsortium,10
konstruere,1
konstruksjon,4
konsul,1
konsultasjon,1
kontakt,41
kontaktenled,1
kontaktfritt,1
kontaktperson,1
kontaktpunkt,1
kontinent,4
kontor,104
kontorbygg,2
kontorleie,1
kontrakt,9
kontroll,7
kontrollpanel,2
kontrollrom,1
kontur,1
koordinering,1
kopi,1
kopperud,1
korn,1
korona,2
koronakrise,9
koronaløsninge,1
koronapandemie,17
koronaperiode,3
koronautbrudd,1
koronavirus,2
koronaårets,1
kors,1
kortreist,2
kosmetikk,2
kostnad,13
kosttilskudd,1
kr,1
kraft,7
kraftanlegg,1
kraftbransje,1
kraftlinje,1
kraftverk,2
krav,20
krave,3
kreativitet,2
kreft,1
kreftpasient,1
krepsdyr,1
kretsløp,2
kriminalite,1
krise,7
krisehåndtering,1
krisetid,1
kristiansand,2
kristianse,4
kriterium,2
kritierie,1
krone,87
krysslimt,2
ksat,6
kube,2
kubikkmeter,3
kull,3
kullutfasing,1
kultur,4
kulturlikhete,1
kunde,106
kundeatferd,1
kundebase,1
kundebehov,1
kundebevissth,1
kundedatabase,1
kundeforhold,2
kundegruppe,2
kundeliste,12
kundemasse,1
kundenes,6
kundens,8
kundepartnere,1
kundeperspektiv,1
kundereise,3
kunderelasjone,1
kunderett,1
kunderådgive,5
kundesegmente,1
kundevekst,1
kunnskap,23
kunstgjødsel,3
kurs,11
kurskonsept,1
kursleder,1
kurv,1
kurve,1
kvadrat,1
kvadratmeter,1
kvalitet,19
kvalitetsavvik,1
kvalitetskrav,1
kvantum,1
kvarts,1
kveite,1
kvern,1
kvernstue,3
kyst,3
kø,1
københavn,1
lab,1
laboratorium,4
labs,1
lade,3
ladebokse,1
ladeløsninge,1
lademulighete,2
laderobot,1
laderobote,3
ladning,1
laerdal,2
lag,19
lager,1
lagerløsninge,1
lagre,1
lagring,8
lagrings,1
laks,3
lakseindustri,2
lakseindustrie,1
lampe,2
land,82
landanlegg,1
landbruk,25
landbruks,1
landbruksbygg,1
landbruksetanol,1
landbruksrobot,1
landegrense,6
landets,5
landområde,1
lands,2
landsforening,1
landskap,2
landslag,1
landstrøm,1
landteknikk,1
landvind,1
langeland,1
langfart,1
langsiktighet,2
langskip,1
langtidslagring,2
langtidsteste,1
lansering,12
laptop,1
larse,2
larve,2
larvik,2
laserhybrid,1
latin,1
lauvtre,1
lauvålie,2
laviair,1
lavrisikolån,1
lcd,2
leasing,2
leasingavtale,1
ledd,3
ledelse,2
leder,42
ledernivå,1
lege,8
legering,2
legevakt,3
legitimering,1
leieforhold,1
leieprosess,1
leietaker,3
leietapping,5
leif,4
leige,1
leigeproduksjon,1
leilighet,3
leketøy,1
lekkasje,2
lengde,1
lesekode,1
leseopplæring,1
leser,1
lesernes,1
lesing,1
letemannskap,1
levange,2
leverandør,20
leverandørdele,1
leverandørside,1
leveranse,8
leveregel,1
levering,2
levetid,10
li,7
lifeness,11
lift,1
likør,2
lillehamme,3
lillesand,1
limtre,1
lind,1
lindberg,6
lindesnes,1
lindheim,1
linje,3
linjebefaring,1
linjeinspeksjon,1
link,6
linkedin,1
lise,2
litaue,2
liter,2
litiumbatterie,1
liv,14
livesending,1
livskvalitet,7
livsstil,1
ljøsne,1
lmg,6
lofote,4
logistikk,5
lokale,4
lokalisering,2
lokalkunnskap,2
lokalmiljø,2
lokasjon,2
london,4
longship,1
longyearbye,1
lorentze,2
lotte,1
lov,1
lovverk,1
lueders,1
luft,9
luftambulanse,1
luftfuktighet,1
luftkvalitet,6
luftveissykdom,1
luke,1
lukkast,1
luksusmarked,1
lukt,1
lund,1
lundin,1
lundstad,1
lutdal,1
lyd,4
lydfrekvens,1
lyng,2
lys,12
lyskvalit,1
lysprodusente,1
lyst,3
lyttar,1
lån,33
låneordning,2
låve,1
lær,1
læremiddel,1
lærevanske,1
læring,2
læringskurve,1
løft,2
løkke,2
lønn,2
lønnebakke,2
lønnsemde,1
lønnsnivå,1
lønnsomhet,4
løp,30
lørenskog,1
løsning,269
løve,6
madland,6
madrass,7
madrid,3
mads,1
magazine,1
magi,4
magnor,2
mai,3
makt,1
malthe,2
manager,1
mangel,3
mangelvare,1
mangfold,1
mann,3
mannskap,2
margel,2
margrethe,1
mari,5
marianne,1
marie,2
marin,2
marineingeniør,1
mariningeniør,1
maritech,9
marius,2
mark,2
markande,1
marked,291
markedets,2
markedsaksept,2
markedsaksepte,1
markedsaktør,1
markedsandel,7
markedsarbeid,5
markedsavklart,1
markedsbehov,1
markedsdirektør,2
markedsdrev,2
markedsføre,2
markedsføring,6
markedsinnsikt,2
markedskunnskap,1
markedsleder,2
markedsmulighet,1
markedsnisje,1
markedsområde,3
markedsplass,1
markedsposisjon,4
markedssjef,4
markedsteft,1
markedstilgang,1
marketing,5
marking,1
marknade,2
mars,6
marton,1
marvold,1
maskin,28
maskineri,1
maskinlæring,5
maskon,9
masseproduksjon,3
massivtre,1
master,1
mat,8
matavfall,7
matching,1
matemballasje,1
materiale,20
matfestivale,1
mathias,2
matindustri,1
matministe,1
matproduksjon,7
matrett,1
matsortering,1
matsvinn,2
matteknologi,1
mattias,4
maturo,4
matvane,1
matvare,1
matvaresvinn,1
max,1
mazemap,6
medalje,1
medarbeider,3
medgrunnlegge,1
medgründe,7
medgründere,1
medhold,1
medical,6
medicals,1
medinnovasjon,1
medinvestor,1
medisiner,1
medium,3
medlem,1
medvind,6
meine,1
meirverdi,1
meisal,6
meistad,2
melandsø,2
melding,1
melk,1
melke,4
melkebanke,1
melkeprøve,1
mellomgulv,1
men,1
mengde,16
menneske,23
menneskers,3
mentor,8
mentorordninge,4
mentorprogram,1
mentorressurs,1
mentorstøtte,3
mentortilskudd,2
mentortjeneste,3
meny,3
merd,2
merke,1
merkeordning,2
merkevare,6
merking,1
merkur,1
mers,1
messe,1
mestepart,4
met,4
metall,1
metangass,1
metode,23
metodikk,2
mevik,3
michaelse,2
microcontrolle,1
microsoft,3
middel,11
midler,19
midt,1
midtøste,3
mikalse,1
mikroalge,6
mikrobe,2
mikrofon,1
milano,2
milepæl,1
miljø,46
miljøarbeider,1
miljøavtrykk,1
miljøeffekt,2
miljøeffekte,1
miljøgasse,1
miljøgevinst,6
miljøløsning,1
miljøproblem,8
miljøprofil,3
miljøskade,1
miljøstøtte,1
miljøteknologi,19
miljøutfordring,1
miljøutslipp,3
milliard,18
millimeter,2
millimeternivå,1
million,113
millionar,1
millionby,1
millioners,1
mineralolje,1
minimeis,1
minimum,1
miniseminar,1
minne,1
minsås,1
minuendo,3
minutt,3
misbruk,1
misbruker,1
miste,1
mjøstårn,1
mobil,5
mobilbanke,1
mobilitet,2
mobiltelefon,6
modell,4
modellering,1
modningsprosess,1
modul,4
modular,1
moe,1
momentum,1
montering,2
moosavifar,1
mor,2
morgen,1
morgendagens,1
mors,1
morselskap,1
morseth,2
morsmelk,3
mort,1
most,1
motitech,6
motivasjon,3
motiview,4
motor,5
motsetning,6
motstrøms,1
mottakelse,2
mowi,2
mulighet,74
mulighetsområde,1
mulighetsrom,1
multitapping,8
musiker,1
musikk,1
musikksjanger,1
myhre,2
myklatun,1
myndigheite,1
myndighet,10
myse,3
mywo,1
mål,59
måler,1
måleutstyr,1
måling,5
måloppnåelse,1
målsetning,2
målsetting,4
måltid,3
månade,1
måned,6
måte,55
mæle,1
møbel,8
møbelbransje,2
møbelfabrikk,3
møbelkjede,1
møbelmarked,1
møbelproduksjon,2
møbelstoffe,1
møgste,4
møkk,1
møkklukte,1
mølle,1
mølmesdal,3
mørekyste,1
mørkets,1
møte,10
møteopplevelse,1
møteplattform,2
møterom,3
nabolag,2
naboland,1
nabotomt,1
nagelhus,3
nammo,6
nanoelektronikk,1
nanoteknologi,3
narrowband,1
nasjonalitet,1
natt,2
nattarbeid,1
natur,8
naturens,1
naturgass,1
naturgjødsel,1
naturressurs,1
nav,1
navigasjon,2
navigering,2
navn,4
nb,1
ncc,1
nce,2
nederland,1
nedfrysing,1
nedgang,1
nedreberg,2
nedstenging,1
nedstenginge,1
nedtur,1
nei,2
nel,1
nemko,1
nemninge,1
neodopple,1
nett,7
nettbank,1
nettbatteri,1
nettbatterie,1
nettbrett,1
nettbutikk,1
nettbutikke,1
netteiere,1
netteierne,4
nettforsyning,1
nettselskap,2
nettselskape,2
nettverk,48
neurons,1
nils,3
nisjebransje,1
nisjekompetanse,1
nitrogen,1
nitrogenoksid,1
nivå,7
nofime,1
noprec,3
norad,1
norde,13
nordens,4
nordfjord,1
nordkontakt,5
nordland,3
nordmann,1
nordsjøe,5
nordstrand,1
nordstrøm,3
noreg,1
norevik,3
norge,563
norges,24
norgesgruppe,1
normal,1
norsk,3
norskehavets,1
norsun,4
north,1
northern,1
norway,8
norwep,1
not,1
notering,1
novelde,4
ntnu,1
nullutslipp,1
nummer,3
nyansettelse,1
nyhet,2
nyhus,5
nyk,2
nyklipp,1
nykommer,1
nyproduseres,1
nyrnes,1
nysalg,1
nyskaping,3
nytte,13
nytteverdi,2
nyutvikling,2
nyvinning,1
nåløye,3
nærhet,2
næring,20
næringsaktøre,1
næringsavfall,1
næringshage,1
næringskjede,1
næringsliv,24
næringsmiljøe,1
næringsminister,1
næringssalt,1
næringsstoff,6
næringstoppe,1
nærland,2
nødetate,1
nødkioske,1
nødskap,1
nøkkel,8
nøkkelområde,1
nøkkelrolle,2
nøkkelselskap,1
nøkkelskap,2
nøyaktighet,8
objekt,2
oceangrid,6
oceanize,4
oddvar,1
offhore,1
office,1
offshore,1
offshorecrew,4
oksygen,2
oksygennivå,1
olaug,1
olav,1
ole,1
oliasoft,3
oliasofts,1
olje,26
oljebransje,2
oljeindustri,1
oljeindustriens,1
oljeplattform,3
oljeselskap,1
oljesøl,1
oljevern,1
olse,2
olympiatoppe,1
ombord,2
omdømme,1
omformer,1
omgang,15
omgir,1
omgivelse,10
omhu,3
omlag,1
omorganisere,1
område,23
omsetning,29
omsorg,1
omsorgssektor,6
omstille,5
omstilling,13
omstrukturering,1
omtale,2
omverden,1
operasjon,6
operatør,4
operatørens,1
oppbygd,1
oppbygging,2
oppdrag,7
oppdrett,2
oppdretter,2
oppdrettsnæring,1
oppetid,1
oppfinnelse,1
oppfølging,14
oppgave,14
opphold,1
oppkjøp,1
oppkjøpstilbud,1
oppkoblinge,1
opplegg,3
opplevelse,4
opplysning,1
opplæring,8
oppmerksomhet,10
opprettelse,1
opprydding,1
oppsamler,1
oppsamling,2
oppside,1
oppsikt,1
oppskalere,1
oppskalering,1
oppskyting,1
oppstart,34
oppstartbedrift,1
oppstartfase,4
oppstarthverdag,1
oppstartsfase,2
oppstartslån,2
oppvarming,2
opshaug,1
optimar,1
ordning,14
organisasjon,7
organisme,1
origo,3
oslo,3
oslobedrifte,1
osloregione,1
osmani,2
oso,4
ossenkamp,4
osterøy,1
ottersøye,1
outstanding,1
overflate,2
overgang,3
overholdelse,1
overkant,1
oversikt,2
overskudd,1
overskuddsdamp,1
overvann,2
overvåker,1
overvåking,2
overvåkning,2
pakke,1
pakker,2
pakking,1
pandemi,12
panel,7
panne,1
panoramautsikt,1
pante,1
panteløsninge,1
pantemaskine,2
papir,1
par,3
parameter,2
park,2
parkeringshus,1
part,6
partikkel,1
partner,27
partneravtale,1
partnerprosess,1
partnerskap,6
partnersøk,3
pasient,32
pasientforløp,1
pass,1
passasjerfly,1
passord,2
patent,2
patentert,1
patenterte,1
patentsøknad,1
paulse,1
paviljong,1
pc,2
pedagog,1
pellets,1
penger,29
periode,6
permafrost,1
person,23
personane,1
persondata,3
personell,2
personprofile,1
persons,1
persontransport,1
personvern,6
perspektiv,1
petroleumsaktør,1
petronas,1
pette,1
pexip,7
pexips,2
philip,1
pigment,1
pigmentering,1
pil,1
pilot,13
pilotanlegg,5
pilotere,1
pilotering,2
pilotfartøy,1
pilotkunde,5
pilotløsning,1
pilotprodukt,1
pilotprosjekt,14
pilotstudie,1
pioner,1
pipette,1
pitcheprosesse,1
pitching,1
pixii,4
pixiis,1
plan,30
planet,1
plankton,2
planktonic,6
planlegger,1
planlegging,2
planter,1
planting,1
plasmareaktore,1
plass,21
plassering,1
plast,18
plastavfall,8
plastemballasje,1
plaster,1
plastgranulat,1
plastic,1
plastikk,1
plastisitet,1
plastmonster,1
plastproblem,1
plasttype,1
platou,2
plattform,33
plattformar,1
plattformens,1
plug,5
plugg,2
poeng,1
pole,4
politi,2
porselen,1
porsgrunn,3
porsjon,1
porsjonere,1
portefølje,4
pose,1
posisjon,21
posisjonere,1
posisjonering,3
posisjonert,1
positiv,1
post,6
postens,1
potensial,37
potensiale,23
potetindustri,1
potte,1
powe,8
practice,3
praksis,10
prashad,1
prefabrikasjon,1
preferanse,2
premature,1
premiering,1
presentasjon,1
presisjon,1
press,1
prinsipp,1
prioritering,1
prioritet,1
pris,9
prise,10
prislapp,1
prismodell,1
prispenger,1
privatkunde,1
privatmarked,5
privatperson,2
probe,1
problem,25
problematikk,1
problemavfall,1
problemløser,1
problemstilling,1
prodtex,5
products,4
produksjon,63
produksjonssjef,1
produkt,177
produktenes,1
produktets,1
produktivitet,2
produktserie,1
produktsjef,3
produktspekter,1
produsent,8
produsentar,2
professor,2
proff,1
proffmarked,1
profil,3
profilering,2
program,53
programmere,1
programvare,15
progresjon,1
propp,1
prosedyre,1
prosent,49
prosess,45
prosesskontroll,1
prosesskunnskap,1
prosessor,1
prosjekt,190
prosjekterings,1
prosjektets,2
prosjektleder,1
protector,1
prototyp,1
prototype,9
prøveperiode,1
psykiatri,1
psykologi,1
ptm,1
publikum,1
publisitet,1
pump,3
punkt,2
pust,1
pustebevegelse,1
pustemuskel,1
pyre,2
pyrolyseanlegg,1
pyskologi,1
pågangsmot,1
påstand,1
quantafuel,13
racs,1
rad,1
radar,1
radarsystem,2
radarteknologi,1
radiobølge,2
radonmåling,2
radonnivå,1
raffineri,2
rainpowe,1
rakettmotor,1
rakkestad,1
rakneberg,2
ramme,2
randi,1
range,1
rapportere,1
rapportering,1
rapporterings,1
ras,1
rasktest,1
rasmusse,2
raudåte,4
raufoss,5
rayvn,8
rayvns,2
reaksjon,1
realitet,2
record,1
recycling,5
rederi,4
redningsarbeid,1
redningsetate,1
redskap,1
reduksjon,12
redusere,1
referanse,1
refylles,1
regelverk,4
regi,2
regine,1
region,13
regiondirektør,1
regionkontor,2
regionskontor,2
regjeringens,3
regjerningens,1
regle,5
regulation,1
regulator,1
regulering,1
rehabilitering,3
reidun,1
reinertse,1
reinås,6
reise,5
reisekostnade,1
reiseliv,4
reiselivets,1
reisemål,3
reisetid,1
reitan,2
rekke,27
rekkevidde,2
reklame,1
rekordfart,1
rekordtid,2
rekruttere,2
rekruttering,1
relasjon,4
renault,1
renewable,1
rengjøring,1
renhet,3
renovering,1
renseløsning,1
rensemekanisme,1
rensesystem,2
rensing,2
rensking,1
rené,1
representant,2
reproduksjon,2
reprodusere,1
repsol,1
research,1
resertifisering,1
reservedel,1
resirkulering,5
respekt,2
respinor,1
respirator,3
respons,5
ressurs,22
ressursane,1
ressursbruk,2
ressursperson,2
ressurstilgang,1
rest,9
restar,1
restaurant,8
restauranteier,1
restavfall,2
restriksjon,2
resultat,31
retail,4
retning,10
retningslinje,1
rettighet,2
retur,1
return,1
revolusjon,1
revolusjonere,1
rigg,1
rigge,1
riise,2
ring,1
ringe,2
ringebu,2
ringvirkning,3
rio,1
risiko,36
risikoavlaste,1
risikodelinge,1
risikofylt,1
risikofylte,1
risikolån,1
risikoreduksjon,1
risikostyring,1
rivelsrud,1
rmm,1
robot,13
robotlinje,1
robotløsninge,1
robusthet,1
rogaland,4
roge,3
rogn,2
rognkjeks,1
roi,1
rolle,11
rom,7
roman,1
rome,1
romfartøy,3
romnummer,1
romsdal,2
romsonde,1
roommate,5
roppe,3
rorbu,1
rot,1
rubrikk,4
rubrikkannonse,2
rullestol,2
runde,3
rune,10
rur,3
rusomsorg,1
russland,2
rutine,2
rwande,2
rygg,8
ryke,1
råd,8
rådgiver,21
rådgiving,1
rådgivning,51
rådgivnings,1
rådgjevare,1
råfisklag,1
råmateriale,2
råolje,1
råstoff,11
råvare,14
råvaretilgange,1
råvareutnytting,1
rødfarge,1
rørledning,3
rørstad,1
safari,2
saga,5
sagbruk,4
sak,1
sake,1
saksbehandler,1
salg,32
salgbar,1
salgs,3
salgsfremstøt,1
salgskanale,1
salgskontor,1
salgskontrakt,1
salgsmønste,1
salgstakte,1
salgsverdi,1
salmar,2
salt,4
saltvann,3
salzburg,1
samanstillar,1
samanstilling,2
samanstillinge,1
samarbeid,67
samarbeide,24
samboer,1
sameksistens,1
samferdsel,2
samfunn,20
samfunns,1
samfunnseffekt,1
samfunnsnytte,1
samfunnsproblem,1
samhandling,4
samler,1
samling,4
sammenheng,2
sammenligning,2
samspill,2
samtale,3
samtalepartner,1
samvittighet,1
san,1
sandnes,6
sandvik,2
sang,1
sannsynlighet,3
sanntid,1
sanntidsanalyse,1
sanntidsdate,3
sarpsborg,1
satellite,1
satellitt,2
satellittbilde,2
satellittdata,1
sats,2
satsing,19
satsingsområde,1
satsning,7
saudi,1
scade,1
scampi,1
scenarie,1
schibsted,1
schlanbusch,1
schlumbergers,1
schneide,1
schøye,1
scotland,1
seabass,1
seal,2
sebastian,1
see,4
segment,4
seier,5
seil,1
sekk,2
seksdobling,1
sektor,13
sekund,4
selbus,1
selbutun,1
selfe,1
seljord,1
selskap,385
selskapets,28
selsås,1
seminar,4
seniornivå,1
seniorrådgive,20
sensitivitet,1
sensor,17
sensorchip,1
sensorchipe,2
sensordatae,1
sensorløsninge,1
sensorpakke,1
sensorsysteme,1
sensorteknologi,1
sentralbyrå,1
seoul,1
separator,2
september,3
serie,1
seriegründere,2
serieproduksjon,1
service,8
serviceavtale,1
servicesjef,1
setting,1
sevedofs,1
sevendof,2
sevendofs,2
shanghai,1
sharebox,5
shifte,1
shipping,5
shipshave,2
shipshaves,1
shorelines,1
side,5
sider,4
siderklynge,1
siderløyve,1
sidersafari,1
sidsel,1
siemens,1
sigbjørn,1
sightseeingbåt,2
signal,6
signatur,1
signicat,2
signifikant,1
sigurd,3
sikkerhet,17
sikkerhetskrav,1
sikt,10
sikte,5
silisiumskive,2
silje,1
simonse,3
simulering,3
singapore,4
sinnstilstand,1
sintef,9
sirkulærøkonomi,5
sitep,1
situasjon,8
sjanse,6
sjef,2
sjefsarkitekt,1
sjekkliste,1
sjokolade,8
sjokoladefryd,1
sjokoladereise,1
sjå,1
sjø,3
sjøfolk,1
sjøkrigsskule,1
sjømat,2
sjømateksport,1
sjømatnasjon,1
sjømatnæringe,2
sjømatprodukte,1
sjøområde,2
sjøtransport,2
sjøtroll,3
sjøvann,5
skaare,1
skadal,2
skade,1
skadeomfang,1
skagerak,4
skala,21
skalere,4
skalering,7
skandinavie,5
skanner,1
skatteinntekt,1
skepsis,1
skianlegg,1
skibotn,2
skie,1
skifabrikk,1
skift,1
skifte,4
skilting,1
skinne,1
skip,25
skipsbygging,1
skipsfart,3
skipsindustri,2
skipskrog,1
skipsløsninge,1
skipsselskap,1
skipstrafikk,1
skitt,2
skiulykke,1
skive,3
skje,1
skjema,1
skjerm,3
skjermbilde,1
sko,2
skog,5
skogbruk,1
skogmo,1
skogsindustrie,1
skogsreste,1
skogsråstoff,1
skole,10
skoleklasse,1
skolemarked,1
skorpion,1
skottland,2
skred,1
skreddersøm,1
skredsøk,1
skredsøke,1
skredsøkere,1
skritt,2
skrivebord,1
skriving,1
skrog,1
skryt,1
skulder,2
skumgummi,1
skummadrasse,1
sky,11
skyløsninge,2
skytjeneste,2
skøy,1
slag,2
slagpasient,1
slags,1
slakteri,1
slam,10
slange,1
slettvoll,4
slit,1
slukkemetode,1
slukker,1
slukkeverktøy,1
slutt,9
sluttbruker,2
sluttdato,1
sluttkunde,1
sluttprodukt,4
sløsing,1
smak,3
smakar,1
smaksstoff,1
smaksvariant,1
smartbins,1
smarthusaktøre,1
smartlight,2
smartløsninge,1
smartplaste,2
smartprodukte,1
smarttelefon,1
sme,1
smelteverk,1
smette,1
smitte,2
smittevern,1
smolt,2
snekkerverksted,3
snø,3
softox,4
softwareløsning,2
sokkel,2
sol,7
soland,7
solcelle,2
solcelleanlegg,1
solcellelampe,2
solcellepanel,2
solenergi,2
solindustrie,1
solkraft,7
solkraftanlegg,1
solstrøm,1
solutions,2
sommer,12
sopp,1
sortere,1
sortering,3
sorteringsjobb,1
sortland,1
sot,1
spacemake,3
spamfilte,1
spandow,2
spanie,7
spansk,1
sparebank,3
sparring,6
sparringpartner,7
spekter,5
spenning,1
spermie,1
spesialdesign,2
spesialisering,2
spesialist,3
spesialkjøretøy,1
spesiallag,1
spesiallokk,1
spesialpedagog,1
spesialrådgiver,7
spill,1
spillerom,1
spilltech,4
spillvarme,1
spisskompetanse,3
spor,1
sporbarh,1
spore,1
sporing,2
spredning,2
språk,1
språktrening,1
spydspiss,2
spørsmål,3
stad,1
stadium,1
stahet,1
stand,3
standard,3
start,23
startfase,3
startgrop,1
startskudd,1
startstrek,1
startup,4
statens,4
stathelle,1
statnett,1
statsbesøk,1
statsbygg,1
status,1
stavange,14
stavøstrand,3
sted,27
stede,1
steg,5
stein,2
steinkje,2
stem,5
stemmebiometri,2
stemmestyring,1
stemmeteknologi,1
sti,2
stift,1
stiftelse,1
stilling,1
stimulering,1
stimulus,2
stipend,2
stivhet,1
stockholm,2
stoff,6
stokkeland,1
stopper,2
storbritannie,6
stordate,2
storebrand,1
storflor,4
storhaug,1
storkjøkken,1
storkunde,1
storm,2
storsamfunn,1
storskale,4
storvestre,1
strand,8
strategi,8
streng,1
struktur,1
strøk,1
strøm,12
strømbrudd,2
strømbruke,1
strømforbruk,3
strømforsyning,2
strømkabel,1
strømkostnade,2
strømledninge,2
strømleverandør,1
strømlinje,1
strømnett,8
strømning,4
strømomforme,1
strømpris,1
strømutgift,1
student,4
studentgruppe,1
studie,2
studielån,1
studium,5
stund,2
styggpent,3
stykke,3
styr,1
styreformann,1
styreleder,4
styring,4
styrings,1
styringslogikk,1
styringssystem,1
styringsverktøy,1
styrke,11
styrking,1
stål,3
stålbygging,1
stålkontroll,1
stålproduksjon,2
stålrør,1
stålverk,1
ståpåvilje,1
støpeform,1
støperi,3
støperilinje,1
støperiutstyr,1
støpeteknikk,1
støpeteknologi,1
størrelse,6
størrelsesorden,1
støtte,176
støttefartøye,1
støtteordning,3
støttespelar,1
støttespiller,8
støv,1
støy,6
suksess,16
suksessfaktor,2
suksessfaktore,2
sum,1
sunlit,4
sunnaas,1
sunndalsøre,1
sunnmøre,2
super,1
support,4
sushi,1
svar,5
sve,1
sveiseprosesse,1
sveising,1
svenn,1
sverige,2
svikt,1
svindel,1
svingning,1
svinn,5
svinnreduksjon,1
svinnverstinge,1
svolvær,1
svovel,1
svovelinnhold,1
svovelutslipp,1
sweco,1
sykdom,6
sykdomsforløp,1
sykefravær,1
sykehjem,4
sykehjemsetate,1
sykehus,34
sykehusopphold,2
sykehuspartne,1
sykehusrom,1
sykepleier,1
sykkel,7
sykkelbransje,1
sykkelulykke,2
sykkylve,3
sykling,1
syklist,1
symptom,2
syndrom,1
syndrome,1
synergi,2
synergieffekt,1
synlighet,2
sysselsette,2
sysselsetting,2
system,41
systemløsninge,1
systems,4
særpreg,1
særtrekk,1
sætersmoe,2
sæthe,3
søk,2
søkegruppe,1
søkelys,2
søkemotor,2
søknad,8
søknadsarbeid,1
søknadsfrist,1
søknadsrunde,1
søknadsskriving,1
søl,1
sønn,1
sønsteby,5
søppel,6
søppelfylling,1
sørdale,2
sørense,1
sørfjorde,2
sørland,2
sørnes,1
søster,3
søtte,1
tak,6
takknemlege,1
takt,2
talent,1
tall,4
tallinn,1
tange,2
tank,1
tanke,13
tanker,3
tankesett,1
tap,3
tape,1
tapet,1
tappe,1
tarjei,1
te,1
team,26
teamets,1
teams,1
tech,1
technipfmc,1
technologies,3
technology,1
techstack,1
tee,1
tegnebrett,1
teig,1
teke,1
tekgründerne,1
teknolog,2
teknologi,189
teknologiar,1
teknologimiljø,1
teknologirace,1
teknologisjef,3
tekst,1
tekstilbruk,1
tekstmelding,1
telefon,1
telemark,5
telie,3
tema,3
temperatur,5
tempo,3
tenestegjort,1
tensio,1
teori,1
teppe,3
terreng,1
terrengsykling,1
terskel,1
terskelfjord,1
tesla,1
test,3
tester,3
testgruppe,1
testing,13
testobjekt,1
testområde,1
testperiode,2
testproduksjon,2
testsenter,1
thee,1
thomse,3
thomson,1
thorvald,6
tid,72
tide,1
tidenes,1
tidewave,3
tidleg,2
tidligfase,1
tidobling,1
tidsalder,1
tidspunkt,6
tiendedel,1
tieto,1
tilbakemelding,1
tilbakeslag,1
tilbud,9
tilbudsside,1
tilbyder,1
tildeling,4
tilfelle,5
tilførsel,2
tilgang,25
tilgjengelighet,1
tilhenger,1
tilhører,1
tilknytning,1
tilkobling,1
tillegg,92
tilleggsnæring,3
tilleggsverdie,1
tillit,7
tilnærming,1
tilpasning,2
tilrettelegging,3
tilsetning,1
tilskot,3
tilskudd,82
tilstand,1
tilstedeværelse,6
tilsyn,4
tiltak,5
tilværelse,1
tim,1
timberlid,1
time,10
timing,4
tinc,2
ting,3
tingvoll,6
tips,1
tiår,6
tjeneste,75
tjenestekonsept,1
tjenesteområde,1
tjenestespekter,1
toalett,2
toalettløsning,1
tohjuling,1
tokle,1
tommel,1
tomre,7
tone,2
tonn,14
tonning,2
topografi,1
topp,2
toppnivå,1
topps,1
torbjørnse,5
torbjørnsens,1
torp,1
torsk,1
torsnes,4
totalleverandør,1
tote,3
touchnetix,4
toulouse,1
toyota,2
trafikk,2
traktor,8
transformasjon,1
transport,15
transportbåte,1
transportmiddel,1
tre,2
trebransje,1
trebygg,2
trebygge,2
tredjedel,1
tredobling,1
treff,1
treffsikkerhet,1
trefukt,1
trekk,1
trekkekumme,1
treløsninge,1
trend,2
trening,1
trepellets,1
trepunkts,1
trivsel,3
trl,1
tro,20
troe,1
tromsø,5
trond,1
trondheim,4
troverdighet,1
trude,2
trumf,1
trygghet,6
trykk,3
trykkfall,1
trysil,1
tråd,4
trål,1
trøndelag,4
trøndelags,1
trønderduoe,1
tun,6
tunable,2
tunellhvelving,1
tungolje,1
tunnel,4
tunnelboring,1
tur,8
turgåer,1
turisme,1
turist,1
turistbåt,1
turistnæring,1
turmat,1
tusen,4
tusenvis,2
tv,1
tvers,3
tvil,4
tvilling,1
type,9
typus,5
tysk,1
tyskland,12
tåke,1
tåleevne,1
tåletemperatur,1
tålmodighet,2
tømmer,3
tømmerstokk,1
tømming,1
tørkemaskine,1
tørkeprosesse,3
tørketeknologi,1
tørking,1
ubåtmiljø,1
ugress,1
ugresslukere,1
ugressmiddel,1
uhell,1
uke,7
ukraine,1
uldvarefabrik,4
ulempe,1
ull,2
ultrabredbånd,1
ultralyd,2
umoe,1
underholdning,1
underskudd,1
understreke,1
undersøkelse,2
ungdom,3
ungdomstid,1
universitet,7
university,1
unmanned,3
urbanisering,2
use,34
usikkerhet,1
uske,10
ustabilitet,1
utad,1
utan,1
utbedring,1
utbredelse,1
utbrudd,1
utbygging,3
utbytte,1
utdeling,1
utekontor,16
utenbords,1
utenskjærs,1
utfasing,1
utflagging,1
utfordrer,1
utfordring,42
utgangspunkt,8
utgift,2
utholdenhet,2
utland,14
utleie,5
utleiebolig,1
utleieenhete,1
utleieobjekte,1
utleier,1
utlyse,1
utlysning,2
utnyttar,1
utnyttelse,5
utprøving,1
utredning,1
utrulling,1
utråtning,1
utsalgspris,1
utsetting,1
utside,1
utsikt,2
utskiftning,2
utslag,1
utslipp,36
utslippsfri,2
utslippsfrie,1
utslippsmåle,1
utstilling,2
utstyr,16
utstøping,1
uttak,1
uttesting,1
utvid,1
utvidelse,1
utviklere,3
utvikling,102
utviklingsfase,4
utviklingsland,1
utviklingslede,1
utviklingsløp,6
utøver,1
uwb,2
vaksine,1
vaksinemaskin,1
vaksinemaskine,2
vaksinering,3
vaksineromm,1
vaktmester,1
vakumkanale,1
valg,2
valley,4
vandli,3
vann,23
vannelektrolyse,1
vannfamilie,1
vanning,1
vanningsvogne,1
vanninntrenging,1
vannkraft,5
vannkraftverk,2
vannmengde,2
vannressurs,1
vannutskiftning,1
vannvei,1
vanylve,1
vare,5
vareflyt,1
varehus,1
variant,1
varighet,1
varmebatteri,1
varmebehandling,1
varmeenergi,2
varmestråling,1
varsel,1
varsling,1
varslot,2
vassaas,3
vassdrag,1
vattenfall,1
vedlikehold,9
veg,1
vegard,1
vegne,1
vegvesen,4
vei,45
veidekke,1
veier,4
veierland,5
veiledning,10
veiviser,1
veke,1
vekst,101
vekstambisjone,5
vekstbedrifte,2
vekstfase,3
vekstgaranti,2
veksthus,1
vekstmulighet,1
vekstpotensial,10
vekstprogram,2
vekstprogramme,1
vekstrate,1
vekstselskap,2
vekstselskape,1
vekststrategi,1
veksttakt,2
vekt,9
vektfordeling,1
vektreduksjon,1
velger,1
vemund,1
vendemadrass,2
vendepunkt,2
venteliste,1
ventetid,1
ventilasjon,1
venture,3
verdas,1
verden,102
verdens,33
verdensbasis,2
verdensklasse,4
verdenskrig,1
verdensmarked,9
verdensrom,3
verdenstopp,1
verdi,17
verdikjede,15
verdiløfte,1
verdiskaping,18
verdiskapning,1
verdsetjing,1
vere,1
verifisering,2
verksted,1
verkstedkjede,1
verktøy,27
verktøykasse,1
vern,1
versjon,5
vervik,1
vespestad,1
vest,1
vestby,2
vesteråle,1
vestland,5
vestlandsbruk,1
veteran,1
vett,1
vibrasjon,2
vidar,1
vidare,1
video,5
videokonferanse,1
videomøte,1
videoovervåking,1
videreutvikling,4
vietnam,1
vik,21
vikariat,1
vikentyskland,1
vikenvestfold,1
vikenvietnam,1
vilje,2
vind,6
vindafjord,1
vindfelt,1
vindkraft,9
vindkraftverk,3
vindmølle,2
vindmølleparke,3
vindpark,2
vindparke,1
vindturbin,2
vindu,1
vinkel,1
vinmonopol,1
vinn,6
vinner,1
vinter,3
vinterhalvår,1
vipp,1
vipps,1
virkelighet,3
virkemiddel,8
virksomhet,21
virksomhetenes,1
virus,4
virusutbrudd,1
vise,2
visepresident,1
visimind,1
visir,1
visjon,9
visualisere,1
visualisering,1
vitenskap,1
vitne,1
vixel,6
voks,1
vokse,1
volkswagen,1
volum,6
voyage,1
vrakvike,1
vurdering,5
vår,6
vær,2
værmelding,1
væske,2
waal,2
wai,1
waiste,2
walderhaug,1
waterise,7
waterises,1
webside,1
week,1
weisse,1
weisstech,2
wideband,1
wiig,2
windsim,1
winje,2
wisland,2
wonderland,3
woodcon,5
workshop,1
workshops,2
wot,1
wright,2
wøhni,1
xiaomi,1
yaras,1
yare,2
yedlik,2
yellowtail,1
yoghurt,1
yrkeskarriere,1
yteevne,1
ytelse,3
zahn,2
zerokyst,2
zherebko,1
zooce,1
árnadóttir,2
åfjord,1
ålesund,1
åndalsnes,3
åpning,3
år,109
årdal,3
åre,31
årets,10
århundrets,1
årrekke,2
års,4
årsak,3
årslisens,1
årslisense,1
ære,2
ærlege,1
øiesvold,3
øking,1
økning,5
økonomi,9
økosystem,6
ølbrygging,1
ønske,9
ørepropp,1
ørret,2
øste,1
østfold,7
øverlie,4
øvrebø,1
øyange,1
øye,2
øyeblikk,1
øyeblikksbilde,1
øysamfunn,1
øystat,1
øyvind,1
